output_dir	/Users/suvamsh/Documents/code/screamer/tmp/replay-refresh-20260409-dry-run
id	old_title	new_title	old_chars	new_chars	old_meta_hits	new_meta_hits	title_changed	summary_changed	transcript_changed	status
26	Consequently Live Risk Review	Scam URL Rollout	162	1372	0	0	true	true	false	ok
25	Fallback Topic Ambient Session	Fallback Topic Ambient Session	101	101	0	0	false	true	false	ok
24	Hey Jest Morning And	On Call Coverage	10943	1054	9	0	true	true	true	ok
23	Fallback Topic The Game	I Ve Got That	7469	538	1	0	true	true	true	ok
22	Person A I Do	I Do Astrophysics What	5348	312	0	0	true	true	true	ok
21	Ai Recruiters Speed &	AI Recruitment Analysis	5823	632	0	0	true	true	true	ok
20	Person A Stand With	Finance Savings Ideas	7500	802	0	0	true	true	true	ok
19	Person A Normal Looking	Self Registration Security	31242	405	3	0	true	true	true	ok
18	Person A Biden Diana	The Provided Text Is	17233	1069	1	0	true	true	true	ok
17	Person A You Have	Ideas And Notes	5538	416	0	0	true	true	true	ok
15	Person A It S	It S	11806	680	0	0	true	true	true	ok
14	Person A Happy On	OCC Feed Escalations	2279	136	0	0	true	true	true	ok
13	I Don T Know	I Don T Know	3239	137	0	0	false	true	true	ok
12	Alright Let S See	Alright Let S See	2413	195	0	0	false	true	true	ok
11	I Do I M	Ideas And Notes	1880	286	0	0	true	true	true	ok
10	Jesus No No No	Jesus No Jesus	384	100	0	0	true	true	true	ok
9	Hi Does He Also	Hi Does He Also	4274	44	0	0	false	true	true	ok
8	Are You Holding Tabs	Are You Holding Tabs	11265	53	1	0	false	true	true	ok
7	Nope Promise I M	Nope Promise I M	2860	75	0	0	false	true	true	ok
6	Have No Interest I	Have No Interest I	3765	231	0	0	false	true	true	ok
5	Customary Did You See	Customary Did You Se	4465	545	0	0	true	true	true	ok
4	I M For A	I M For A	2325	338	0	0	false	true	true	ok
3	Which Meat You Want	Meat Storage Ideas	1441	46	0	0	true	true	true	ok
2	Start Cleaning You Want	Start Cleaning You Want	8954	871	0	0	false	true	true	ok
1	You: hospital we have	Hospital We Have Hospital	9803	850	0	0	true	true	true	ok
summary	applied=0	unchanged=0	errors=0
