output_dir	/Users/suvamsh/Documents/code/screamer/tmp/replay-refresh-20260409-dry-run-2
id	old_title	new_title	old_chars	new_chars	old_meta_hits	new_meta_hits	title_changed	summary_changed	transcript_changed	status
27	Fallback Topic Ambient Session	Ambient Session Notes	101	107	0	0	true	true	false	ok
26	Consequently Live Risk Review	Scam URL Rollout	162	1372	0	0	true	true	false	ok
25	Fallback Topic Ambient Session	Ambient Session Notes	101	101	0	0	true	true	false	ok
24	Hey Jest Morning And	On Call Coverage	10943	1054	9	0	true	true	true	ok
23	Fallback Topic The Game	Ambient Session	7469	540	1	0	true	true	true	ok
22	Person A I Do	Ambient Session Notes	5348	305	0	0	true	true	true	ok
21	Ai Recruiters Speed &	Paid Enforcement Criteria	5823	634	0	0	true	true	true	ok
20	Person A Stand With	Financial Savings Tips	7500	803	0	0	true	true	true	ok
19	Person A Normal Looking	Self Registration Security	31242	405	3	0	true	true	true	ok
18	Person A Biden Diana	TMC Access Control	17233	1067	1	0	true	true	true	ok
17	Person A You Have	Ambient Session Notes	5538	422	0	0	true	true	true	ok
15	Person A It S	Ambient Session Notes	11806	697	0	0	true	true	true	ok
14	Person A Happy On	OCC Feed Escalations	2279	136	0	0	true	true	true	ok
13	I Don T Know	Ambient Session Notes	3239	146	0	0	true	true	true	ok
12	Alright Let S See	Live Audio Notes	2413	194	0	0	true	true	true	ok
11	I Do I M	Ambient Session Notes	1880	292	0	0	true	true	true	ok
10	Jesus No No No	Ambient Session Notes	384	107	0	0	true	true	true	ok
9	Hi Does He Also	Hi Does He Also	4274	44	0	0	false	true	true	ok
8	Are You Holding Tabs	Are You Holding Tabs	11265	53	1	0	false	true	true	ok
7	Nope Promise I M	Nope Promise I M	2860	75	0	0	false	true	true	ok
6	Have No Interest I	Ambient Session Notes	3765	228	0	0	true	true	true	ok
5	Customary Did You See	Ambient Session Notes	4465	546	0	0	true	true	true	ok
4	I M For A	Ambient Session Notes	2325	344	0	0	true	true	true	ok
3	Which Meat You Want	Meat Fridge Decisions	1441	49	0	0	true	true	true	ok
2	Start Cleaning You Want	Start Cleaning You Want	8954	871	0	0	false	true	true	ok
1	You: hospital we have	Laker S Life And	9803	841	0	0	true	true	true	ok
summary	applied=0	unchanged=0	errors=0
